id,week,section,phase,topic,book_ref,resource_type,resource_name,url,time_estimate,priority,system_connect,deliverable,status,completed_date,quiz_score,quiz_date,quiz_notes,gaps
1,1,core,Phase 1: AI Engineering Core,What is AI Engineering + The AI Stack,"Chip Huyen Ch 1 (AI Stack, AI Eng vs ML Eng)",Book (FREE),Chip Huyen AI Engineering — Ch 1 Summary (GitHub),https://github.com/chiphuyen/aie-book/blob/main/chapter-summaries.md,30min,MUST,All 3 apps — you ARE the AI engineer case study,"Read Ch 1 summary, note the 3 layers of the AI stack",KNOWN,,KNOWN,2026-05-03,"Nailed AI eng vs ML eng distinction, foundation model def, 'should you build it?' question. Needs: memorize evolution chain + 8 use case categories",
2,1,core,Phase 1: AI Engineering Core,What is AI Engineering + The AI Stack,"Chip Huyen Ch 1 (AI Stack, AI Eng vs ML Eng)",Book (FREE),Chip Huyen AI Engineering — Full TOC (GitHub),https://raw.githubusercontent.com/chiphuyen/aie-book/main/ToC.md,15min,MUST,See the full scope of AI Engineering as a discipline,Skim TOC to understand what the field covers,PRIORITY,,,,Quick skim for scope,
3,1,core,Phase 1: AI Engineering Core,What is AI Engineering + The AI Stack,"Chip Huyen Ch 1 (AI Stack, AI Eng vs ML Eng)",YouTube,Chip Huyen — Building LLM Applications for Production (conference talks),https://www.youtube.com/results?search_query=chip+huyen+building+llm+applications+production,1hr,MUST,Your production deployment decisions,Map your 3 apps to the 3 layers of the AI stack,PRIORITY,,,,For vocabulary polish,
4,1,core,Phase 1: AI Engineering Core,What is AI Engineering + The AI Stack,"Chip Huyen Ch 1 (AI Stack, AI Eng vs ML Eng)",YouTube,Latent Space podcast — AI Engineer vs ML Engineer,https://www.youtube.com/results?search_query=latent+space+ai+engineer+vs+ml+engineer,1hr,NICE,Career positioning,List what you do vs ML eng vs full-stack eng,SKIP,,,,Already articulated the distinction clearly in quiz,
5,1,core,Phase 1: AI Engineering Core,What is AI Engineering + The AI Stack,"Chip Huyen Ch 1 (AI Stack, AI Eng vs ML Eng)",Exercise,Write 60-second elevator pitch,N/A,30min,MUST,Use vocabulary from Ch 1 summary,DELIVERABLE: Written pitch — 'I build AI agent systems that run in production...',PRIORITY,,,,Do after watching Chip Huyen talk — use her vocabulary,
6,2,core,Phase 1: AI Engineering Core,How Foundation Models Actually Work,"Chip Huyen Ch 2 (architecture, model size, sampling, structured outputs)",Book (FREE),Chip Huyen AI Engineering — Ch 2 Summary (GitHub),https://github.com/chiphuyen/aie-book/blob/main/chapter-summaries.md,30min,MUST,"Transformers, attention, tokenization, model size tradeoffs, sampling, structured outputs","Read summary, note: architecture, scaling laws, sampling strategies, structured outputs",IN_PROGRESS,,CLOSE,2026-05-03,Knows: transformer parallelization + param/cost tradeoffs. Gaps: tokenization (skipped entirely) + attention vocab (has intuition not terms) + param≠vocabulary confusion,"tokenization,attention vocab,parameter count"
7,2,core,Phase 1: AI Engineering Core,How Foundation Models Actually Work,"Chip Huyen Ch 2 (architecture, model size, sampling, structured outputs)",YouTube,3Blue1Brown: But what is a GPT? Visual intro to transformers,https://www.youtube.com/watch?v=wjZofJX0v4M,27min,MUST,Understanding WHY your models work,Explain transformer architecture in your own words after watching,PRIORITY,,,,Covers tokenization + attention gaps in one video,"tokenization,attention vocab"
8,2,core,Phase 1: AI Engineering Core,How Foundation Models Actually Work,"Chip Huyen Ch 2 (architecture, model size, sampling, structured outputs)",YouTube,3Blue1Brown: Attention in transformers visually explained,https://www.youtube.com/watch?v=eMlx5fFNoYc,25min,MUST,"Why your embedding search retrieves what it does (DamiraAI pgvector, AuraLogical market tools)",Explain key/query/value to someone,PRIORITY,,,,Closes attention vocab gap — query/key/value,attention vocab
9,2,core,Phase 1: AI Engineering Core,How Foundation Models Actually Work,"Chip Huyen Ch 2 (architecture, model size, sampling, structured outputs)",YouTube,Andrej Karpathy: Intro to Large Language Models,https://www.youtube.com/watch?v=zjkBMFhNj_g,1hr,MUST,"Training, RLHF, capabilities, security — general but deep",Write down 3 things you didn't know about how LLMs work,PRIORITY,,,,Transformer intuition + training pipeline overview,
10,2,core,Phase 1: AI Engineering Core,How Foundation Models Actually Work,"Chip Huyen Ch 2 (architecture, model size, sampling, structured outputs)",YouTube,Andrej Karpathy: Deep Dive into LLMs like ChatGPT,https://www.youtube.com/results?search_query=karpathy+deep+dive+llms+chatgpt,3.5hr,NICE,Full training stack — pre-training through RLHF,"Watch in 45-min chunks over the week, take notes",NOT_STARTED,,,,Optional — watch if time allows after priorities,
11,2,core,Phase 1: AI Engineering Core,How Foundation Models Actually Work,"Chip Huyen Ch 2 (architecture, model size, sampling, structured outputs)",Blog,Jay Alammar: The Illustrated Transformer,https://jalammar.github.io/illustrated-transformer/,1hr,MUST,Visual diagram-heavy explainer — read like a picture book,Sketch the transformer architecture from memory after reading,PRIORITY,,,,Attention diagrams — makes query/key/value click,attention vocab
12,2,core,Phase 1: AI Engineering Core,How Foundation Models Actually Work,"Chip Huyen Ch 2 (architecture, model size, sampling, structured outputs)",Free Course,Hugging Face NLP Course Ch 1: Transformer Models,https://huggingface.co/learn/nlp-course/chapter1,1.5hr,NICE,"Interactive, visual, free",Complete the interactive exercises,NOT_STARTED,,,,Optional — do if 3B1B + Alammar aren't enough,
13,3,core,Phase 1: AI Engineering Core,"Sampling, Structured Outputs, Non-Determinism","Chip Huyen Ch 2 p88-111 (sampling, test-time compute, structured outputs)",Docs,OpenAI Structured Outputs guide,https://platform.openai.com/docs/guides/structured-outputs,45min,MUST,Your validation gate uses response_format json_object (ceo_brain.py line 699),Find your structured output code and explain it using formal terms,PRIORITY,,,,Knows the concept. Read docs to get formal terms,
14,3,core,Phase 1: AI Engineering Core,"Sampling, Structured Outputs, Non-Determinism","Chip Huyen Ch 2 p88-111 (sampling, test-time compute, structured outputs)",Docs,Anthropic Tool Use guide,https://docs.anthropic.com/en/docs/build-with-claude/tool-use,45min,MUST,Same concept different API — function calling / tool use,Compare Anthropic vs OpenAI tool calling approaches,PRIORITY,,,,,
15,3,core,Phase 1: AI Engineering Core,"Sampling, Structured Outputs, Non-Determinism","Chip Huyen Ch 2 p88-111 (sampling, test-time compute, structured outputs)",YouTube,Search: temperature top-p sampling LLM explained,https://www.youtube.com/results?search_query=temperature+top-p+sampling+LLM+explained,1hr,MUST,Why your agent responses vary — temperature/sampling controls,Write what temperature=0 vs temperature=1 means for your agents,PRIORITY,,,,Knows temperature intuitively. Needs top-p/top-k vocabulary + probability distribution framing,top-p/top-k
16,3,core,Phase 1: AI Engineering Core,"Sampling, Structured Outputs, Non-Determinism","Chip Huyen Ch 2 p88-111 (sampling, test-time compute, structured outputs)",Exercise,Map to your code,N/A,30min,MUST,Your sparring mode detection = deterministic routing to control non-deterministic behavior,"Find structured output code in ceo_brain.py, sparring signal detection in ops_agent.py — write 3 sentences explaining each using formal terms",PRIORITY,,,,Also add: search 'test-time compute explained' — new concept he didn't know. Hot 2025-2026 interview topic,test-time compute
17,4,core,Phase 1: AI Engineering Core,Evaluation Methodology — THE Differentiator,Chip Huyen Ch 3 + LLM Eng Handbook Ch 7 + DMLS Ch 6,Book (FREE),Chip Huyen AI Engineering — Ch 3 Summary (GitHub),https://github.com/chiphuyen/aie-book/blob/main/chapter-summaries.md,30min,MUST,"Perplexity, exact eval, AI-as-Judge, comparative eval — formal names for your rubric-based evals",Note: your DamiraAI rubrics = AI-as-a-Judge pattern,NOT_STARTED,,,,,
18,4,core,Phase 1: AI Engineering Core,Evaluation Methodology — THE Differentiator,Chip Huyen Ch 3 + LLM Eng Handbook Ch 7 + DMLS Ch 6,Book (OWNED),LLM Engineer's Handbook — Ch 7: Evaluating LLMs,You own this book,2-3hr,MUST,Hands-on eval implementation — compare to your DamiraAI 961 tests,Read chapter and map eval methods to your existing test suite,NOT_STARTED,,,,,
19,4,core,Phase 1: AI Engineering Core,Evaluation Methodology — THE Differentiator,Chip Huyen Ch 3 + LLM Eng Handbook Ch 7 + DMLS Ch 6,Book (NEED TO BUY),SPARE NEEDED (was DMLS) — Ch 6: Model Development and Offline Evaluation,You own this book,1-2hr,NICE,Evaluation concepts that apply to LLMs too — offline eval methodology,Note evaluation concepts that transfer to your LLM evals,NOT_STARTED,,,,,
20,4,core,Phase 1: AI Engineering Core,Evaluation Methodology — THE Differentiator,Chip Huyen Ch 3 + LLM Eng Handbook Ch 7 + DMLS Ch 6,Free Course,DeepLearning.AI: Building and Evaluating Advanced RAG,https://www.deeplearning.ai/short-courses/building-evaluating-advanced-rag/,1hr,MUST,"RAG triad: context relevance, groundedness, answer relevance — maps to your DamiraAI evals",Complete the interactive notebook,NOT_STARTED,,,,,
21,4,core,Phase 1: AI Engineering Core,Evaluation Methodology — THE Differentiator,Chip Huyen Ch 3 + LLM Eng Handbook Ch 7 + DMLS Ch 6,YouTube,Hamel Husain — Your AI Product Needs Evals (conference talks),https://www.youtube.com/results?search_query=hamel+husain+your+ai+product+needs+evals,1.5hr,MUST,Production eval frameworks — why tests alone aren't enough,Take notes on eval vs testing distinction,NOT_STARTED,,,,,
22,4,core,Phase 1: AI Engineering Core,Evaluation Methodology — THE Differentiator,Chip Huyen Ch 3 + LLM Eng Handbook Ch 7 + DMLS Ch 6,Docs,RAGAS docs — concepts section,https://docs.ragas.io/,45min,NICE,"Faithfulness, relevancy metrics — formal vocabulary",Map your DamiraAI metrics to RAGAS vocabulary,NOT_STARTED,,,,,
23,4,core,Phase 1: AI Engineering Core,Evaluation Methodology — THE Differentiator,Chip Huyen Ch 3 + LLM Eng Handbook Ch 7 + DMLS Ch 6,Exercise,Write evaluation mapping table,N/A,30min,MUST,Your eval system formalized,"DELIVERABLE: Table mapping your tests to formal names — 961 tests = functional correctness, rubrics = AI-as-Judge, golden datasets = reference-based, 97.1% routing = classification eval",NOT_STARTED,,,,,
24,5,core,Phase 1: AI Engineering Core,Model Selection and Cost/Latency Tradeoffs,Chip Huyen Ch 4 + LLM Eng Handbook Ch 1,Book (FREE),Chip Huyen AI Engineering — Ch 4 Summary (GitHub),https://github.com/chiphuyen/aie-book/blob/main/chapter-summaries.md,30min,MUST,"Model selection workflow, build vs buy, evaluation pipeline design",Note the 3-step evaluation pipeline design framework,CLOSE,,CLOSE,2026-05-03,"Lives this daily — Qwen for CS (cheap) vs Grok 4 for CEO (expensive/multimodal). Needs formal vocab: cost-latency frontier, benchmark navigation",
25,5,core,Phase 1: AI Engineering Core,Model Selection and Cost/Latency Tradeoffs,Chip Huyen Ch 4 + LLM Eng Handbook Ch 1,Website,Artificial Analysis — live model comparisons,https://artificialanalysis.ai/,1hr,MUST,"Speed, cost, quality comparisons — you already use OpenRouter for this",Compare your model choices against benchmark data,PRIORITY,,,,Learn the formal comparison frameworks,
26,5,core,Phase 1: AI Engineering Core,Model Selection and Cost/Latency Tradeoffs,Chip Huyen Ch 4 + LLM Eng Handbook Ch 1,Website,LMSys Chatbot Arena,https://lmarena.ai/,30min,NICE,How comparative evaluation works at scale,Understand Elo rating system for models,NOT_STARTED,,,,,
27,5,core,Phase 1: AI Engineering Core,Model Selection and Cost/Latency Tradeoffs,Chip Huyen Ch 4 + LLM Eng Handbook Ch 1,YouTube,Simon Willison — How to evaluate LLM applications,https://www.youtube.com/results?search_query=simon+willison+evaluate+llm+applications,1hr,MUST,Practical eval approach from a practitioner,Take notes on eval strategy,NOT_STARTED,,,,,
28,5,core,Phase 1: AI Engineering Core,Model Selection and Cost/Latency Tradeoffs,Chip Huyen Ch 4 + LLM Eng Handbook Ch 1,Exercise,Document your model registry formally,N/A,1hr,MUST,Your model_registry.py IS a model selection framework,"DELIVERABLE: For each agent write WHY that model — cost ($0.14/M DeepSeek for routine), latency, reasoning depth (Grok 4 for strategy), vision (Qwen for payment screenshots)",PRIORITY,,,,Can already explain tradeoffs verbally — write it down as formal doc,
29,6,core,Phase 1: AI Engineering Core,Prompt Engineering and Security,Chip Huyen Ch 5,Book (FREE),Chip Huyen AI Engineering — Ch 5 Summary (GitHub),https://github.com/chiphuyen/aie-book/blob/main/chapter-summaries.md,30min,MUST,"Defensive prompting, prompt injection, jailbreaking — formal attack taxonomy",Map your CS bot prompt hardening to the formal categories,NOT_STARTED,,,,,
30,6,core,Phase 1: AI Engineering Core,Prompt Engineering and Security,Chip Huyen Ch 5,Docs,Anthropic Prompt Engineering Guide,https://docs.anthropic.com/en/docs/build-with-claude/prompt-engineering,1.5hr,MUST,Best-in-class prompt guide — visual examples,Compare your 300-line system prompts against best practices,NOT_STARTED,,,,,
31,6,core,Phase 1: AI Engineering Core,Prompt Engineering and Security,Chip Huyen Ch 5,YouTube,Simon Willison — Prompt Injection talks,https://www.youtube.com/results?search_query=simon+willison+prompt+injection+talk+2024,1hr,MUST,"Attack taxonomy, real examples, defenses",Audit your CS bot prompt hardening against the taxonomy,NOT_STARTED,,,,,
32,6,core,Phase 1: AI Engineering Core,Prompt Engineering and Security,Chip Huyen Ch 5,Docs,OWASP Top 10 for LLMs — Prompt Injection (#1),https://genai.owasp.org/llmrisk/llm01-prompt-injection/,45min,MUST,Prompt injection = #1 LLM vulnerability,"DELIVERABLE: Map your CS bot rules (never reveal costs/margins/suppliers, hardcoded prompt, Langfuse override disabled) to OWASP categories",NOT_STARTED,,,,,
33,7,core,Phase 2: RAG + Agents + Architecture,RAG Architecture,Chip Huyen Ch 6 p253-274 + LLM Eng Handbook Ch 4 + Ch 9,Book (FREE),Chip Huyen AI Engineering — Ch 6 Summary (RAG section),https://github.com/chiphuyen/aie-book/blob/main/chapter-summaries.md,30min,MUST,"RAG architecture, retrieval algorithms, optimization — formal vocabulary for DamiraAI","Read RAG portion of Ch 6 summary, note: term-based vs embedding-based retrieval",NOT_STARTED,,,,,
34,7,core,Phase 2: RAG + Agents + Architecture,RAG Architecture,Chip Huyen Ch 6 p253-274 + LLM Eng Handbook Ch 4 + Ch 9,Book (OWNED),LLM Engineer's Handbook — Ch 4: RAG Feature Pipeline,You own this book,2-3hr,MUST,Hands-on RAG pipeline — compare to your DamiraAI pipeline architecture,"Read chapter, note chunking strategy and embedding choices",NOT_STARTED,,,,,
35,7,core,Phase 2: RAG + Agents + Architecture,RAG Architecture,Chip Huyen Ch 6 p253-274 + LLM Eng Handbook Ch 4 + Ch 9,Book (OWNED),LLM Engineer's Handbook — Ch 9: RAG Inference Pipeline,You own this book,2hr,MUST,Production RAG patterns — retrieval optimization at inference time,"Read chapter, compare retrieval strategy to your hybrid semantic+BM25 approach",NOT_STARTED,,,,,
36,7,core,Phase 2: RAG + Agents + Architecture,RAG Architecture,Chip Huyen Ch 6 p253-274 + LLM Eng Handbook Ch 4 + Ch 9,Udemy,Production AI Agents with LangChain + LangGraph — RAG sections,https://www.udemy.com/course/production-ai-agents/,3hr,MUST,"Video walkthrough of production RAG — chunking, vector stores, retrieval","Follow along, compare to DamiraAI pipeline",NOT_STARTED,,,,,
37,7,core,Phase 2: RAG + Agents + Architecture,RAG Architecture,Chip Huyen Ch 6 p253-274 + LLM Eng Handbook Ch 4 + Ch 9,YouTube,James Briggs: Chatbots with RAG — LangChain Full Walkthrough,https://www.youtube.com/results?search_query=james+briggs+chatbots+rag+langchain+full+walkthrough,2hr,MUST,End-to-end RAG: chunking → embedding → vector store → retrieval → generation,Compare his architecture to your DamiraAI pipeline,NOT_STARTED,,,,,
38,7,core,Phase 2: RAG + Agents + Architecture,RAG Architecture,Chip Huyen Ch 6 p253-274 + LLM Eng Handbook Ch 4 + Ch 9,Docs,Pinecone: What is RAG? (visual learning center),https://www.pinecone.io/learn/retrieval-augmented-generation/,1hr,NICE,Visual RAG explainer with diagrams,DELIVERABLE: Draw DamiraAI RAG diagram — ingestion → chunking → embedding (text-embedding-3-small) → indexing (HNSW pgvector) → retrieval (hybrid semantic+BM25) → reranking (FlashRank) → generation. INTERVIEW DIAGRAM #1,NOT_STARTED,,,,,
39,8,core,Phase 2: RAG + Agents + Architecture,"Agents, Tools, Failure Modes",Chip Huyen Ch 6 p275-305 (agents section),Book (FREE),Chip Huyen AI Engineering — Ch 6 Summary (Agents section),https://github.com/chiphuyen/aie-book/blob/main/chapter-summaries.md,30min,MUST,"Agent overview, tools, planning, failure modes, memory — formal vocabulary",Note agent failure modes taxonomy and memory types,NOT_STARTED,,,,,
40,8,core,Phase 2: RAG + Agents + Architecture,"Agents, Tools, Failure Modes",Chip Huyen Ch 6 p275-305 (agents section),YouTube,Andrew Ng: Agentic Design Patterns (DeepLearning.AI),https://www.youtube.com/results?search_query=andrew+ng+agentic+design+patterns+deeplearning.ai,1hr,MUST,THE foundational framework — reflection + tool use + planning + multi-agent,Map your coordinator-subagent pattern to Ng's taxonomy,NOT_STARTED,,,,,
41,8,core,Phase 2: RAG + Agents + Architecture,"Agents, Tools, Failure Modes",Chip Huyen Ch 6 p275-305 (agents section),Blog,Anthropic: Building Effective Agents,https://www.anthropic.com/engineering/building-effective-agents,1hr,MUST,Production agent patterns from the company that makes Claude,Compare their recommendations to your agent architecture,NOT_STARTED,,,,,
42,8,core,Phase 2: RAG + Agents + Architecture,"Agents, Tools, Failure Modes",Chip Huyen Ch 6 p275-305 (agents section),Blog,Lilian Weng: LLM Powered Autonomous Agents,https://lilianweng.github.io/posts/2023-06-23-agent/,1.5hr,MUST,Comprehensive survey with diagrams — tool use + planning + memory,Take notes on agent memory types (your Redis sessions = short-term),NOT_STARTED,,,,,
43,8,core,Phase 2: RAG + Agents + Architecture,"Agents, Tools, Failure Modes",Chip Huyen Ch 6 p275-305 (agents section),YouTube,James Briggs: LangChain Agent Executor Deep Dive,https://www.youtube.com/watch?v=iN1Xx8ca_8I,30min,NICE,How agent execution works under the hood — tool calling loops,Compare to your agent's message extraction loop in ops_agent.py,NOT_STARTED,,,,,
44,8,core,Phase 2: RAG + Agents + Architecture,"Agents, Tools, Failure Modes",Chip Huyen Ch 6 p275-305 (agents section),Udemy,Production AI Agents — agent architecture sections,https://www.udemy.com/course/production-ai-agents/,2hr,MUST,Multi-agent orchestration patterns — coordinator + workers,"DELIVERABLE: Write 5 failure stories in STAR format — (1) tool call JSON leak, (2) empty responses, (3) thinking preamble leak, (4) intent misclass, (5) context overflow",NOT_STARTED,,,,,
45,9,core,Phase 2: RAG + Agents + Architecture,AI System Architecture and Observability,Chip Huyen Ch 10 + LLM Eng Handbook Ch 11 + DMLS Ch 8-9,Book (FREE),Chip Huyen AI Engineering — Ch 10 Summary (GitHub),https://github.com/chiphuyen/aie-book/blob/main/chapter-summaries.md,30min,MUST,5-step architecture: context → guardrails → router → cache → agents → observability. THIS IS YOUR SYSTEM,Map each step to your actual implementation,NOT_STARTED,,,,,
46,9,core,Phase 2: RAG + Agents + Architecture,AI System Architecture and Observability,Chip Huyen Ch 10 + LLM Eng Handbook Ch 11 + DMLS Ch 8-9,Book (OWNED),LLM Engineer's Handbook — Ch 11: MLOps and LLMOps,You own this book,2-3hr,MUST,"CI/CD for AI, monitoring, deployment practices",Read chapter — this fills your MLOps/CI gap,NOT_STARTED,,,,,
47,9,core,Phase 2: RAG + Agents + Architecture,AI System Architecture and Observability,Chip Huyen Ch 10 + LLM Eng Handbook Ch 11 + DMLS Ch 8-9,Book (NEED TO BUY),SPARE NEEDED (was DMLS) — Ch 8: Data Distribution Shifts and Monitoring,You own this book,1-2hr,MUST,"Drift detection, monitoring in production — directly relevant",Note monitoring patterns you could apply to your agents,NOT_STARTED,,,,,
48,9,core,Phase 2: RAG + Agents + Architecture,AI System Architecture and Observability,Chip Huyen Ch 10 + LLM Eng Handbook Ch 11 + DMLS Ch 8-9,Book (NEED TO BUY),SPARE NEEDED (was DMLS) — Ch 9: Continual Learning and Testing in Production,You own this book,1-2hr,NICE,Production testing strategies — A/B testing for models,Note testing patterns that apply to your model routing,NOT_STARTED,,,,,
49,9,core,Phase 2: RAG + Agents + Architecture,AI System Architecture and Observability,Chip Huyen Ch 10 + LLM Eng Handbook Ch 11 + DMLS Ch 8-9,YouTube,Langfuse — Open Source LLM Observability Explained,https://www.youtube.com/watch?v=kIf1Ng76cmc,30min,MUST,"You USE Langfuse — learn the formal concepts (traces, spans, generations, scores)",Map your Langfuse setup to the formal vocabulary,NOT_STARTED,,,,,
50,9,core,Phase 2: RAG + Agents + Architecture,AI System Architecture and Observability,Chip Huyen Ch 10 + LLM Eng Handbook Ch 11 + DMLS Ch 8-9,YouTube,Search: LLM observability production monitoring tracing,https://www.youtube.com/results?search_query=LLM+observability+production+monitoring+tracing+2024,1hr,NICE,"Tracing, cost tracking, drift detection concepts",Compare your OpenLIT → Grafana Tempo (DamiraAI) to standard approaches,NOT_STARTED,,,,,
51,9,core,Phase 2: RAG + Agents + Architecture,AI System Architecture and Observability,Chip Huyen Ch 10 + LLM Eng Handbook Ch 11 + DMLS Ch 8-9,Exercise,Draw AI architecture diagram,N/A,1.5hr,MUST,Your system as the 5-step pattern,DELIVERABLE: Draw diagram — (1) middleware injects context → (2) validation gate = guardrail → (3) model_registry = router → (4) Redis sessions = cache → (5) agents + tools → Langfuse traces. INTERVIEW DIAGRAM #2,NOT_STARTED,,,,,
52,10,core,Phase 3: Python Architecture Patterns,Domain Modeling and Repository Pattern,Arch Patterns Ch 1-2 (cosmicpython.com FREE),YouTube,ArjanCodes: Deep Dive Into Repository Design Pattern in Python,https://www.youtube.com/watch?v=9ymRLDfnDKg,25min,MUST,YOUR tools/market_tools.py IS this pattern — now learn the name,Write 3 sentences explaining your tools as repository pattern,NOT_STARTED,,,,,
53,10,core,Phase 3: Python Architecture Patterns,Domain Modeling and Repository Pattern,Arch Patterns Ch 1-2 (cosmicpython.com FREE),YouTube,ArjanCodes: Software Design in Python (playlist — first 3-4 videos),https://www.youtube.com/playlist?list=PLC0nd42SBTaNuP4iB4L6SJlMaHE71FG6N,2hr,MUST,Python design patterns — all code-on-screen practical,Watch repository + factory + strategy pattern videos,NOT_STARTED,,,,,
54,10,core,Phase 3: Python Architecture Patterns,Domain Modeling and Repository Pattern,Arch Patterns Ch 1-2 (cosmicpython.com FREE),Udemy,Domain Driven Design: Complete Software Architecture Course,https://www.udemy.com/course/domain-driven-design-complete-software-architecture-course/,2hr (DDD sections),MUST,DDD building blocks — bounded contexts + aggregates + entities,Map your 3-bot security boundary to bounded contexts,NOT_STARTED,,,,,
55,10,core,Phase 3: Python Architecture Patterns,Domain Modeling and Repository Pattern,Arch Patterns Ch 1-2 (cosmicpython.com FREE),Free Book,cosmicpython.com Ch 1-2 (diagrams + code),https://www.cosmicpython.com/,1hr,NICE,Free online book — skim diagrams for visual reinforcement,Compare book diagrams to your code structure,NOT_STARTED,,,,,
56,11,core,Phase 3: Python Architecture Patterns,"Service Layer, Testing, Dependency Injection",Arch Patterns Ch 3-6 (cosmicpython.com FREE),YouTube,ArjanCodes: Stop Hardcoding Everything — Dependency Injection,https://www.youtube.com/watch?v=Xhzn1eAxoXk,20min,MUST,Your agents hardcode urllib.request and settings.openrouter_api_key inside tools — DI fixes this,Identify 3 places in your code where DI would improve testability,NOT_STARTED,,,,,
57,11,core,Phase 3: Python Architecture Patterns,"Service Layer, Testing, Dependency Injection",Arch Patterns Ch 3-6 (cosmicpython.com FREE),YouTube,ArjanCodes: Dependency Injection Explained in 7 Minutes,https://www.youtube.com/watch?v=DpMGEhwuuyA,7min,MUST,Quick primer on DI concept,Understand constructor injection vs hardcoded dependencies,NOT_STARTED,,,,,
58,11,core,Phase 3: Python Architecture Patterns,"Service Layer, Testing, Dependency Injection",Arch Patterns Ch 3-6 (cosmicpython.com FREE),YouTube,ArjanCodes — search service layer + unit of work on channel,https://www.youtube.com/results?search_query=arjancodes+service+layer+python,1hr,MUST,"run_ops_agent() IS your service layer — FastAPI calls it, it orchestrates, returns string","Write interview answer: 'My agent system uses a service layer pattern — the FastAPI endpoint calls run_ops_agent() which orchestrates tool calls, model routing, and response extraction'",NOT_STARTED,,,,,
59,11,core,Phase 3: Python Architecture Patterns,"Service Layer, Testing, Dependency Injection",Arch Patterns Ch 3-6 (cosmicpython.com FREE),YouTube,Search: test pyramid python explained,https://www.youtube.com/results?search_query=test+pyramid+python+explained,30min,NICE,Unit vs integration vs e2e — where your 961 DamiraAI tests sit,Categorize your tests by pyramid level,NOT_STARTED,,,,,
60,11,core,Phase 3: Python Architecture Patterns,"Service Layer, Testing, Dependency Injection",Arch Patterns Ch 3-6 (cosmicpython.com FREE),Free Book,cosmicpython.com Ch 4-5 (service layer + TDD diagrams),https://www.cosmicpython.com/book/chapter_04_service_layer.html,1hr,NICE,Diagrams showing how service layer connects to the rest,Compare to your FastAPI → run_ops_agent() → response flow,NOT_STARTED,,,,,
61,12,core,Phase 3: Python Architecture Patterns,Event-Driven Architecture and Message Bus,Arch Patterns Ch 7-11 (cosmicpython.com FREE),Udemy,Event Driven Architecture — The Complete Guide,https://www.udemy.com/course/event-driven-architecture-the-complete-guide/,3hr,MUST,"Events, Event Sourcing, CQRS — starts from basics up to advanced",Follow along with event-driven sections,NOT_STARTED,,,,,
62,12,core,Phase 3: Python Architecture Patterns,Event-Driven Architecture and Message Bus,Arch Patterns Ch 7-11 (cosmicpython.com FREE),YouTube,ArjanCodes: Event-Driven Architecture in Python,https://www.youtube.com/results?search_query=arjancodes+event+driven+architecture+python,30min,MUST,Event-driven specifically in Python,Map your Paystack webhook flow to event-driven pattern,NOT_STARTED,,,,,
63,12,core,Phase 3: Python Architecture Patterns,Event-Driven Architecture and Message Bus,Arch Patterns Ch 7-11 (cosmicpython.com FREE),YouTube,Search: events vs commands software architecture,https://www.youtube.com/results?search_query=events+vs+commands+software+architecture+explained,30min,NICE,Distinction between commands and events,Label: webhook = event source. Order confirmation = command. Notification = event handler,NOT_STARTED,,,,,
64,12,core,Phase 3: Python Architecture Patterns,Event-Driven Architecture and Message Bus,Arch Patterns Ch 7-11 (cosmicpython.com FREE),Free Book,cosmicpython.com Ch 8-9 (events + message bus — uses Redis pub/sub),https://www.cosmicpython.com/book/chapter_08_events_and_message_bus.html,1hr,NICE,Excellent diagrams — Ch 11 uses Redis pub/sub and you have Redis running,"DELIVERABLE: Draw Paystack webhook flow as event diagram — webhook = event source, order confirmation = command, customer notification = event handler",NOT_STARTED,,,,,
65,13,core,Phase 3: Python Architecture Patterns,CQRS and Dependency Injection,Arch Patterns Ch 12-13 (cosmicpython.com FREE),YouTube,A practical introduction to event sourcing and CQRS,https://www.youtube.com/watch?v=cUXi9fUqWQ0,45min,MUST,Your Postgres (write) + MongoDB analytical tables (read) IS CQRS,Write the CQRS interview answer,NOT_STARTED,,,,,
66,13,core,Phase 3: Python Architecture Patterns,CQRS and Dependency Injection,Arch Patterns Ch 12-13 (cosmicpython.com FREE),YouTube,ArjanCodes — search CQRS on channel,https://www.youtube.com/results?search_query=arjancodes+CQRS+explained,30min,NICE,CQRS in Python context,Solidify understanding with Python examples,NOT_STARTED,,,,,
67,13,core,Phase 3: Python Architecture Patterns,CQRS and Dependency Injection,Arch Patterns Ch 12-13 (cosmicpython.com FREE),Free Book,cosmicpython.com Ch 12-13 (CQRS + DI diagrams),https://www.cosmicpython.com/book/chapter_12_cqrs.html,1hr,NICE,DI with closures and partials — Pythonic approach,DELIVERABLE: Write interview answer — 'We use CQRS where operational data lives in Postgres and analytical views are materialized into read-optimized tables via MongoDB batch aggregation pipelines',NOT_STARTED,,,,,
68,14,core,Phase 4: Data Systems,Data Systems Tradeoffs + Data Engineering Lifecycle,DDIA Ch 1-2 + DMLS Ch 3 + FDE Ch 1-3,Book (NEED TO BUY),SPARE NEEDED (was DMLS) — Ch 3: Data Engineering Fundamentals,You own this book,2hr,MUST,"OLTP vs OLAP, ETL, data formats, data storage — covers DDIA Ch 1-3 + FDE Ch 2-3 territory",Note: your Postgres = OLTP. MongoDB analytical layer = OLAP workload,NOT_STARTED,,,,,
69,14,core,Phase 4: Data Systems,Data Systems Tradeoffs + Data Engineering Lifecycle,DDIA Ch 1-2 + DMLS Ch 3 + FDE Ch 1-3,YouTube,Martin Kleppmann: Distributed Systems Lectures (first 2-3),https://www.youtube.com/playlist?list=PLeKd45zvjcDFUEv_ohr_HdUFe97RItdiB,2hr,MUST,"Cambridge university lectures — deep, structured, not interviews",Take notes on reliability vs scalability vs maintainability,NOT_STARTED,,,,,
70,14,core,Phase 4: Data Systems,Data Systems Tradeoffs + Data Engineering Lifecycle,DDIA Ch 1-2 + DMLS Ch 3 + FDE Ch 1-3,YouTube,ByteByteGo: OLTP vs OLAP Explained in 5 Minutes,https://www.youtube.com/watch?v=6-VVu68hbgw,5min,MUST,Your Postgres (OLTP) vs MongoDB analytical layer (OLAP) — now you know the name,Write one sentence mapping your databases to OLTP/OLAP,NOT_STARTED,,,,,
71,14,core,Phase 4: Data Systems,Data Systems Tradeoffs + Data Engineering Lifecycle,DDIA Ch 1-2 + DMLS Ch 3 + FDE Ch 1-3,YouTube,ByteByteGo — scalability + reliability + data engineering videos,https://www.youtube.com/@ByteByteGo,1hr,MUST,10-min animated explainers on DDIA concepts,Watch 4-6 relevant videos,NOT_STARTED,,,,,
72,14,core,Phase 4: Data Systems,Data Systems Tradeoffs + Data Engineering Lifecycle,DDIA Ch 1-2 + DMLS Ch 3 + FDE Ch 1-3,Exercise,Map your data pipeline to formal lifecycle,N/A,1hr,MUST,Your pipeline IS the data engineering lifecycle,DELIVERABLE: Labeled diagram — tgmon.db (source/generation) → sync_to_neon.py (ingestion) → MongoDB aggregation (transformation) → Neon al_supply_stats/al_demand_stats (serving),NOT_STARTED,,,,,
73,15,core,Phase 4: Data Systems,"Data Models, Storage, Vector Embeddings",DDIA Ch 3-5,YouTube,ByteByteGo: Relational vs Document databases + B-Tree vs LSM-Tree,https://www.youtube.com/results?search_query=bytebytego+relational+vs+document+database+b-tree,1hr,MUST,Why you use Postgres (relational) + MongoDB (document) — explain the tradeoff,Write interview answer for your dual-database choice,NOT_STARTED,,,,,
74,15,core,Phase 4: Data Systems,"Data Models, Storage, Vector Embeddings",DDIA Ch 3-5,YouTube,Search: HNSW vector index explained visually,https://www.youtube.com/results?search_query=HNSW+vector+index+explained+visually,30min,MUST,THIS is YOUR index on DamiraAI's pgvector,Explain HNSW to an interviewer in 2 sentences,NOT_STARTED,,,,,
75,15,core,Phase 4: Data Systems,"Data Models, Storage, Vector Embeddings",DDIA Ch 3-5,YouTube,Pinecone: Vector Embeddings Explained,https://www.youtube.com/results?search_query=pinecone+vector+embeddings+explained,30min,MUST,"How embeddings work, cosine similarity",Connect to your text-embedding-3-small model choice,NOT_STARTED,,,,,
76,15,core,Phase 4: Data Systems,"Data Models, Storage, Vector Embeddings",DDIA Ch 3-5,YouTube,Hussein Nasser: PostgreSQL indexing deep dive,https://www.youtube.com/results?search_query=hussein+nasser+postgresql+indexing+explained,1hr,NICE,Database indexing internals,Take notes on index types and when to use each,NOT_STARTED,,,,,
77,15,core,Phase 4: Data Systems,"Data Models, Storage, Vector Embeddings",DDIA Ch 3-5,YouTube,ByteByteGo: REST vs RPC + Event-Driven Architecture,https://www.youtube.com/results?search_query=bytebytego+REST+vs+RPC+event+driven,30min,NICE,Your webhook architecture = dataflow through services (REST),Map your API design to REST patterns,NOT_STARTED,,,,,
78,16,core,Phase 4: Data Systems,"Data Architecture, Technology Choices",FDE Ch 3-4 + DMLS Ch 10,Book (NEED TO BUY),SPARE NEEDED (was DMLS) — Ch 10: Infrastructure and Tooling for MLOps,You own this book,1-2hr,MUST,MLOps tooling — CI/CD for ML. Your biggest infra gap,Note what tooling patterns you're missing,NOT_STARTED,,,,,
79,16,core,Phase 4: Data Systems,"Data Architecture, Technology Choices",FDE Ch 3-4 + DMLS Ch 10,YouTube,ByteByteGo: ETL vs ELT + Data Lake vs Data Warehouse,https://www.youtube.com/results?search_query=bytebytego+ETL+vs+ELT+data+lake+warehouse,1hr,MUST,Your pipeline does ETL (extract from tgmon → transform in MongoDB → load to Neon),Write interview answer explaining your ETL choice,NOT_STARTED,,,,,
80,16,core,Phase 4: Data Systems,"Data Architecture, Technology Choices",FDE Ch 3-4 + DMLS Ch 10,YouTube,Search: data architecture principles loosely coupled,https://www.youtube.com/results?search_query=data+architecture+principles+loosely+coupled+2024,30min,NICE,Architecture principles that apply to your system,Map principles: OpenRouter = choose components wisely. Agents don't share state = loosely coupled. Model registry = reversible decisions,NOT_STARTED,,,,,
81,17,core,Phase 4: Data Systems,"Transactions, Batch/Stream Processing, Orchestration",DDIA Ch 8 + 11-12 + DMLS Ch 7 + LLM Eng Handbook Ch 10,Book (OWNED),LLM Engineer's Handbook — Ch 10: Inference Pipeline Deployment,You own this book,2hr,MUST,Deployment patterns — maps to your Docker/VPS deploy setup,Note deployment patterns you could adopt,NOT_STARTED,,,,,
82,17,core,Phase 4: Data Systems,"Transactions, Batch/Stream Processing, Orchestration",DDIA Ch 8 + 11-12 + DMLS Ch 7 + LLM Eng Handbook Ch 10,Book (NEED TO BUY),SPARE NEEDED (was DMLS) — Ch 7: Model Deployment and Prediction Service,You own this book,1-2hr,NICE,Deployment patterns — universal concepts,Note batch vs real-time serving patterns,NOT_STARTED,,,,,
83,17,core,Phase 4: Data Systems,"Transactions, Batch/Stream Processing, Orchestration",DDIA Ch 8 + 11-12 + DMLS Ch 7 + LLM Eng Handbook Ch 10,YouTube,Kleppmann: Turning the database inside out (Strange Loop),https://www.youtube.com/results?search_query=kleppmann+turning+the+database+inside+out,45min,MUST,THE talk on stream processing — your pipeline in formal terms,Take notes on derived data and materialized views,NOT_STARTED,,,,,
84,17,core,Phase 4: Data Systems,"Transactions, Batch/Stream Processing, Orchestration",DDIA Ch 8 + 11-12 + DMLS Ch 7 + LLM Eng Handbook Ch 10,YouTube,ByteByteGo: ACID Explained + Database Transactions + Batch vs Stream,https://www.youtube.com/results?search_query=bytebytego+ACID+database+transactions+batch+stream,1hr,MUST,ACID for your installment payments + batch vs stream for your pipelines,Write 3 interview sentences: Monday pipeline = batch ETL. Paystack webhook = stream. Installments need ACID.,NOT_STARTED,,,,,
85,17,core,Phase 4: Data Systems,"Transactions, Batch/Stream Processing, Orchestration",DDIA Ch 8 + 11-12 + DMLS Ch 7 + LLM Eng Handbook Ch 10,YouTube,Prefect: Mastering Workflow Automation with Python,https://www.youtube.com/watch?v=VR4UjPOADEQ,1hr,MUST,Replaces your launchd cron with proper orchestrator,Plan your Monday pipeline migration from launchd to Prefect,NOT_STARTED,,,,,
86,17,core,Phase 4: Data Systems,"Transactions, Batch/Stream Processing, Orchestration",DDIA Ch 8 + 11-12 + DMLS Ch 7 + LLM Eng Handbook Ch 10,YouTube,Prefect Workflow Orchestration: Beginner's Guide Part 1,https://www.youtube.com/watch?v=4Lnzn4lw9ig,30min,MUST,"Prefect v3 from scratch — flows, tasks, decorators, scheduling",DELIVERABLE: Migrate your Monday pipeline from launchd to Prefect (or at least prototype it),NOT_STARTED,,,,,
87,18,core,Phase 5: Interview Prep,System Design Practice + Failure Stories,All sources — synthesis and interview readiness,Udemy,System Design Masterclass (2026) — watch 2-3 worked examples,https://www.udemy.com/course/system-design-masterclass/,2hr,MUST,Learn how to STRUCTURE system design answers,Practice the framework with your own systems,NOT_STARTED,,,,,
88,18,core,Phase 5: Interview Prep,System Design Practice + Failure Stories,All sources — synthesis and interview readiness,YouTube,ByteByteGo system design walkthroughs,https://www.youtube.com/@ByteByteGo,1hr,MUST,Watch how they structure design answers — adopt the format,Practice explaining your architecture in this format,NOT_STARTED,,,,,
89,18,core,Phase 5: Interview Prep,System Design Practice + Failure Stories,All sources — synthesis and interview readiness,Book (FREE),Chip Huyen AI Engineering — Study Notes (GitHub),https://github.com/chiphuyen/aie-book/blob/main/study-notes.md,1hr,MUST,Review all study notes as a final vocabulary refresher,Quiz yourself on key terms,NOT_STARTED,,,,,
90,18,core,Phase 5: Interview Prep,System Design Practice + Failure Stories,All sources — synthesis and interview readiness,Coursera (free audit),MLOps and LLMOps: Deploying and Scaling AI in Production,https://www.coursera.org/learn/mlops-and-llmops-deploying-and-scaling-ai-in-production,4 weeks,NICE,"Model serving, RAG deployment, observability, canary deploys",Audit free — watch video lectures,NOT_STARTED,,,,,
91,18,core,Phase 5: Interview Prep,System Design Practice + Failure Stories,All sources — synthesis and interview readiness,Coursera (free audit),Agentic AI with LangChain and LangGraph,https://www.coursera.org/learn/agentic-ai-with-langchain-and-langgraph,3 weeks,NICE,"Stateful workflows, memory, conditional logic",Audit free — reinforce agent concepts,NOT_STARTED,,,,,
92,18,core,Phase 5: Interview Prep,System Design Practice + Failure Stories,All sources — synthesis and interview readiness,Practice,Draw 3 system design diagrams,N/A,3hr,MUST,"DamiraAI (coordinator+5 subagents+RAG+eval), AuraLogical (scraping→MongoDB→Postgres→agents→Telegram), Shared Platform (3 apps+VPS+CF Workers+Neon+Redis+Langfuse)",DELIVERABLE: 3 clean diagrams you can draw on a whiteboard in 5 minutes each,NOT_STARTED,,,,,
93,18,core,Phase 5: Interview Prep,System Design Practice + Failure Stories,All sources — synthesis and interview readiness,Practice,Rehearse 5 failure stories (STAR format),N/A,2hr,MUST,(1) Tool call JSON leak → sanitization. (2) Empty responses → fallback. (3) Thinking preamble leak → regex. (4) Intent misclass → golden test set. (5) Context overflow → subagent refactor,DELIVERABLE: 5 polished 2-minute stories you can tell without notes,NOT_STARTED,,,,,
,,header,,,,,,,,,,,,,,,,
,,header,,HANDS-ON NOTEBOOK LABS (Free Jupyter/Colab — do alongside each phase),,,,,,,,,,,,,,
,,header,,,,,,,,,,,,,,,,
94,,lab,Lab: Phase 1,Transformers + Tokenization + Attention (Weeks 2-3),Ch 2 hands-on,Notebook (FREE),Clemson: Attention Transformers and LLMs — hands-on PyTorch workshop,https://clemsonciti.github.io/rcde_workshops/pytorch_llm/00-index.html,2-3hr,MUST,"Build tokenizer, attention, transformer from scratch in notebooks — closes your Week 2 gaps",Run notebooks. See tokenization + attention working in code,NOT_STARTED,,,,,
95,,lab,Lab: Phase 1,LLM Internals Step by Step (Weeks 2-3),Ch 2 hands-on,Notebook (FREE),GitHub: amitshekhariitbhu/llm-internals — tokenization to attention to inference,https://github.com/amitshekhariitbhu/llm-internals,2hr,MUST,"Step-by-step notebooks: tokenization, embeddings, attention, inference optimization",Work through each notebook in order,NOT_STARTED,,,,,
96,,lab,Lab: Phase 1,LLM Course Colab Notebooks (Weeks 1-6),Full Phase 1 lab companion,Notebook (FREE),GitHub: mlabonne/llm-course — LLM roadmap with Colab notebooks,https://github.com/mlabonne/llm-course,3-4hr,MUST,"Full LLM course with runnable Colab notebooks — tokenization, prompting, evaluation, RAG intro",Cherry-pick notebooks that match your weekly topic. Don't do all of them,NOT_STARTED,,,,,
97,,lab,Lab: Phase 1,Prompt Engineering Lab (Week 6),Ch 5 hands-on,Notebook (FREE),DeepLearning.AI: ChatGPT Prompt Engineering for Developers,https://learn.deeplearning.ai/courses/chatgpt-prompt-eng/,1hr,MUST,Interactive notebooks — prompt patterns + system prompts + output formatting,Complete the notebooks — map to your CS bot prompt hardening,NOT_STARTED,,,,,
98,,lab,Lab: Phase 1,Structured Output + Function Calling Lab (Week 3),Ch 2 hands-on,Notebook (FREE),DeepLearning.AI: Functions Tools and Agents with LangChain,https://learn.deeplearning.ai/courses/functions-tools-agents-langchain/,1hr,MUST,"Hands-on function calling, tool use, structured output in notebooks",Compare to your LangChain tool definitions in market_tools.py,NOT_STARTED,,,,,
,,header,,,,,,,,,,,,,,,,
99,,lab,Lab: Phase 2,RAG End-to-End Lab (Week 7),Ch 6 hands-on,Notebook (FREE),DeepLearning.AI: Building and Evaluating Advanced RAG,https://www.deeplearning.ai/short-courses/building-evaluating-advanced-rag/,1hr,MUST,Build RAG pipeline in notebook: chunk → embed → retrieve → generate → evaluate,Map to DamiraAI RAG pipeline,NOT_STARTED,,,,,
100,,lab,Lab: Phase 2,Agentic RAG Lab (Week 8),Ch 6 agents hands-on,Notebook (FREE),DeepLearning.AI: Building Agentic RAG with LlamaIndex,https://www.deeplearning.ai/short-courses/building-agentic-rag-with-llamaindex/,1hr,MUST,Agents that decide when/how to retrieve — your coordinator-subagent pattern in notebook form,Compare agentic retrieval to your multi-agent routing,NOT_STARTED,,,,,
101,,lab,Lab: Phase 2,LangGraph Agents Lab (Week 8),Ch 6 agents hands-on,Notebook (FREE),DeepLearning.AI: AI Agents in LangGraph,https://learn.deeplearning.ai/courses/ai-agents-in-langgraph/,1hr,MUST,"Stateful agent workflows — planning, tool use, memory in LangGraph notebooks",Compare to your ops_agent tool-calling loop,NOT_STARTED,,,,,
102,,lab,Lab: Phase 2,LangChain Application Dev Lab (Week 7-8),Ch 6 hands-on,Notebook (FREE),DeepLearning.AI: LangChain for LLM Application Development,https://learn.deeplearning.ai/courses/langchain/,1hr,NICE,"LangChain fundamentals — chains, agents, memory in notebooks",You already use LangChain — solidify formal patterns,NOT_STARTED,,,,,
103,,lab,Lab: Phase 2,Observability Lab (Week 9),Ch 10 hands-on,Notebook (FREE),DeepLearning.AI: Building Systems with the ChatGPT API,https://learn.deeplearning.ai/courses/chatgpt-building-system/,1hr,NICE,Multi-step systems: classification → routing → evaluation — your agent architecture in notebook form,Map their routing pattern to your model_registry + intent routing,NOT_STARTED,,,,,
,,header,,,,,,,,,,,,,,,,
,,header,,FINETUNING CONTEXT (Read once — know when NOT to fine-tune),,,,,,,,,,,,,,
104,,optional,Optional,When to Fine-tune vs RAG,Chip Huyen Ch 7 + LLM Eng Handbook Ch 5-6,Book (FREE),Chip Huyen AI Engineering — Ch 7 Summary (GitHub),https://github.com/chiphuyen/aie-book/blob/main/chapter-summaries.md,30min,NICE,"Know WHEN to fine-tune vs RAG — you chose RAG for DamiraAI, be able to explain WHY",Read summary — note 'finetuning is easy but getting data is hard',NOT_STARTED,,,,,
105,,optional,Optional,When to Fine-tune vs RAG,Chip Huyen Ch 7 + LLM Eng Handbook Ch 5-6,Book (OWNED),LLM Engineer's Handbook — Ch 5: Supervised Fine-tuning (skim),You own this book,1hr,NICE,Skim — understand the process enough to say why you chose RAG instead,Note: you chose RAG because vendor docs change frequently + you need source attribution + cheaper,NOT_STARTED,,,,,
106,,optional,Optional,When to Fine-tune vs RAG,Chip Huyen Ch 7 + LLM Eng Handbook Ch 5-6,Book (OWNED),LLM Engineer's Handbook — Ch 6: Preference Alignment (skim),You own this book,1hr,NICE,RLHF/DPO concepts — know the terms even if you don't do this,Be able to explain RLHF in 2 sentences if asked,NOT_STARTED,,,,,
,,header,,,,,,,,,,,,,,,,
,,header,,INFERENCE OPTIMIZATION (Read once — know the concepts),,,,,,,,,,,,,,
107,,optional,Optional,Inference Optimization,Chip Huyen Ch 9 + LLM Eng Handbook Ch 8,Book (FREE),Chip Huyen AI Engineering — Ch 9 Summary (GitHub),https://github.com/chiphuyen/aie-book/blob/main/chapter-summaries.md,30min,NICE,"Inference metrics, model optimization, service optimization",Know TTFT and TPS concepts for interviews,NOT_STARTED,,,,,
108,,optional,Optional,Inference Optimization,Chip Huyen Ch 9 + LLM Eng Handbook Ch 8,Book (OWNED),LLM Engineer's Handbook — Ch 8: Inference Optimization,You own this book,1-2hr,NICE,"Quantization, batching, caching at inference layer",Know these concepts at vocabulary level,NOT_STARTED,,,,,
,,header,,,,,,,,,,,,,,,,
,,header,,DATASET ENGINEERING (Read if time allows),,,,,,,,,,,,,,
109,,optional,Optional,Dataset Engineering,Chip Huyen Ch 8,Book (FREE),Chip Huyen AI Engineering — Ch 8 Summary (GitHub),https://github.com/chiphuyen/aie-book/blob/main/chapter-summaries.md,30min,NICE,"Data quality, curation, synthetic data — relevant if you ever fine-tune",Note: 'a small amount of high-quality data can outperform a large amount of noisy data',NOT_STARTED,,,,,
110,3,lab,Phase 1: AI Engineering Core,Intent Classification + Deterministic Routing,Ch 2-3 applied,Custom Notebook,"01_intent_classification.ipynb — AuraLogical + DamiraAI regex classifiers, golden test sets, adversarial testing",notebooks/01_intent_classification.ipynb,1-2hr,MUST,"cs_tools.py (AuraLogical), router.py (DamiraAI), ceo_brain.py mode detection",Run notebook. Review misclassified cases. Practice 3 interview scripts out loud.,NOT_STARTED,,,,,
111,5,lab,Phase 1: AI Engineering Core,Model Selection and Cost/Latency Tradeoffs,Ch 4 applied,Custom Notebook,"02_model_registry.ipynb — 12-agent fleet cost analysis, migration projection, cost-latency frontier chart",notebooks/02_model_registry.ipynb,1-2hr,MUST,model_registry.py — real 12-agent registry with OpenRouter pricing,Run notebook. Study cost-latency chart. Practice drawing it on whiteboard.,NOT_STARTED,,,,,
112,8,lab,Phase 2: RAG + Agents + Architecture,"Agents, Tools, Failure Modes",Ch 6 applied,Custom Notebook,"04_tool_calling_agent.ipynb — Repository pattern, tool dispatcher, 3 failure modes (empty results, wrong tool, bad args)",notebooks/04_tool_calling_agent.ipynb,1-2hr,MUST,"market_tools.py — 20 LangChain tools, Postgres→SQLite translation",Run notebook. Add a new tool. Practice 3 interview scripts out loud.,NOT_STARTED,,,,,
113,14,lab,Phase 4: Data Systems,Data Systems — DDIA Concepts in Production,DDIA Ch 1-12 applied,Custom Notebook,"07_data_systems_ddia.ipynb — OLTP vs OLAP, batch ETL, ACID webhook, caching with fallback, CQRS architecture diagram",notebooks/07_data_systems_ddia.ipynb,2-3hr,MUST,"push_to_neon.py, main.py (Paystack webhook), content_director.py (Redis cache), weekly_pipeline.sh",Run notebook. Practice drawing CQRS architecture diagram on whiteboard in 3 min. INTERVIEW DIAGRAM #3.,NOT_STARTED,,,,,
114,4,lab,Phase 1: AI Engineering Core,Evaluation Methodology — THE Differentiator,Ch 3-4 applied,Custom Notebook (PENDING),"03_evaluation_framework.ipynb — LLM-as-Judge rubrics, weighted scoring, deterministic validators, regression testing (AuraLogical + DamiraAI)",notebooks/03_evaluation_framework.ipynb,2hr,MUST,"evaluation/base.py, rubrics/auralogical.py, runner.py (AuraLogical) + test_intent_classifier_vs_regex.py, lab_quality/ (DamiraAI)",Run notebook. Implement weighted score calculation. Practice 3 interview scripts.,NOT_STARTED,,,,Notebook not yet built,
115,7,lab,Phase 2: RAG + Agents + Architecture,RAG Architecture,Ch 6 applied,Custom Notebook (PENDING),"05_rag_pipeline.ipynb — Hybrid search (semantic + BM25 via RRF), reranking (FlashRank), chunking strategies. INTERVIEW DIAGRAM #1.",notebooks/05_rag_pipeline.ipynb,2-3hr,MUST,"DamiraAI: rag/search.py (hybrid_search), rag/rerank.py (FlashRank), rag/embeddings.py, rag/ingest/base.py",Run notebook. Compare semantic vs keyword vs hybrid retrieval. Practice drawing RAG diagram. INTERVIEW DIAGRAM #1.,NOT_STARTED,,,,Notebook not yet built,
116,9,lab,Phase 2: RAG + Agents + Architecture,AI System Architecture and Observability,Ch 6 + 10 applied,Custom Notebook (PENDING),"06_multi_agent_coordinator.ipynb — Coordinator-subagent routing, PII redaction (smart IP strategy), response sanitization (tool JSON leak + thinking preamble). INTERVIEW DIAGRAM #2.",notebooks/06_multi_agent_coordinator.ipynb,2hr,MUST,"DamiraAI: coordinator_v2.py, subagents/base.py, pii/redactor.py + AuraLogical: ceo_brain.py _sanitize_response()",Run notebook. Chain: redact PII → route → sanitize response. Practice 3 interview scripts. INTERVIEW DIAGRAM #2.,NOT_STARTED,,,,Notebook not yet built,
